טיטל,מחבר,זשורנאַל,זײַטל,קאַטעגאַריע,שליסל־װערטער,sort
דער אײגענער שׂונא,לײב זילבערשטראָם,2,2,,,2.02
דער ערשטער יערלעכער צוזאַמענפֿאָר פֿון יוגנטרוף,,2,4,נײַעס,,2.04
אָפּשאַצונגען פֿון ערשטן נומער,,2,4,,,2.04
דיסקוסיע אַרום די תּקנות פֿון יוגנטרוף,,2,4,,,2.04
די קאָנסטיטוציע פֿון דער יוגנטרוף־באַװעגונג,,2,6,,,2.06
װײַטערדיקע אַרבעט,חנה מילער,2,8,,,2.08
פּירסום־באַריכט,עליע אַפּאַטאָװ,2,9,,,2.09,,,,--
באַריכט פֿון מאָנטרעאָלער יוגנטרוף־קאָמיטעט,רײזל פֿישמאַן,2,10,,,2.1
דער מאָנטרעאָלער יוגנט־טעאַטער,חיהלע טאַלענבערג,2,11,,,2.11
פֿילם און דער ייִדישער טעאַטער,דוד־הירש ראָסקעס,2,12,,,2.12
אַבֿרהמעלע דערצײלט,מרים שמולעװיטש האָפֿמאַן,2,14,,,2.14
די געביטענע ראָלע פֿון „סעטלמענט־הױז“ אין איסט־ניו־יאָרק,אײדל שיסלער,2,15,,,2.15
משה־לײב האַלפּערן,יודזשין אָרענשטײן,2,16,,,2.16
יורשים,אַברהם איגעלפֿעלד,2,18,,,2.18
דער טױבער און דער בלינדער,עליע,2,19,,,2.19
אונדזער שפּראַכװינקל,רחמיאל צוקערמאַן,2,20,,,2.2
מע שרײַבט אונדז,,2,21,,,2.21
אונדזערע בײַשטײַערערס,מאָריס ראָזענפֿעלד,2,23,,,2.23
אין דער קוזניע (ליד און נאָטן),,2,24,לידער,,2.24
מער אידעאַליזם און מער אידעיִשקײט,יודזשין אָרענשטײן,13-14,2,,,13.02
קולטור־אַרבעט אין בױבעריק 1967,א. ב.,13-14,4,,,13.04
אונדזער בױבעריק,י. י. סיגאַל,13-14,5,,,13.05
דער זומער־סעזאָן 1967 אין קעמפּ המשך,אַבֿרהם פּאַט,13-14,5,,,13.05
„יהואש“,איזשאַ לעדערהענדלער,13-14,7,,,13.07
קעמפּ קינדערלאַנד 1967,חיהקע קלעבאַנסקי,13-14,9,,,13.09
הומאָריסטישע לאַגערלידער פֿון קינדעררינג און בױבעריק,,13-14,11,,,13.11
ייִדיש אינעם זומער־לאַגער „רמה“,תמרה מילער,13-14,15,,,13.15
זומערלעב אין זומער־לאַגער,ד״ר מרדכי שעכטער,13-14,16,,,13.16
פֿרײדיקע ייִדן,דוד־הירש ראָסקעס,13-14,21,,,13.21
אונדזערע בײַשטײערס,,13-14,22,,,13.22
מאה־שערימדיקע חדר־זכרונות,אַבֿרהם לוי,13-14,23,,,13.23
װעגן דעם תּנ״ך־קאָנקורס פֿאַר דער ייִדישע יוגנט,שׂרה דרוקער,13-14,25,,,13.25
קלעפּעדיקע פֿינגער,רחמיאל צוקערמאַן,13-14,26,,,13.26
יוכבֿדס װיגליד — נאָטן פֿון נענסי הײקען,מ.ז. טקאַטש,13-14,31,,,13.31
אַ נײַע עפּאָכע?,יודזשין אָרענשטײן,18,1,עדיטאָריאַלן,,18.01
לײענט די שורות,,18,1,עדיטאָריאַלן,,18.01
אַ שמועס אין ירושלים,,18,2,,,18.02
די יוגנטרוף־רעװאָלוציע אין ניו־יאָרק (אַן אמתע מעשׂה פֿון טױזנט און צװײ נעכט),י. בן פֿ.,18,7,,,18.07
באַטראַכטונגען װעגן מאָדערן ענגליש־ייִדיש ייִדיש־ענגליש װערטערבוך,דוד־לײזער גאָלד,18,11,,,18.11
אַ רוף צו מעשׂים!,,19,3,עדיטאָריאַלן,,19.03
„אַ צײַט צו שװײַגן און אַ צײַט צו רעדן“,,19,3,עדיטאָריאַלן,,19.03
אונדזערע פֿאָדערונגען,,19,4,עדיטאָריאַלן,,19.04
שװאַרצע װאַראָנעס (ליד מיט מוזיק),בײלע גאָטעסמאַן,19,5,,,19.05
אומר־ועושׂה,דבֿ סדן,19,8,,די ייִדישע יוגנט׃ װוּהין? (סימפּאָזיום בײַם 6טן יאָריקן צוזאַמענפֿאָר),19.08
"דערהײַנטיקן, פֿאַרייִדישן, פֿאַראײניקן",שיקל פֿישמאַן,19,14,,די ייִדישע יוגנט׃ װוּהין? (סימפּאָזיום בײַם 6טן יאָריקן צוזאַמענפֿאָר),19.14
אַ בריװ פֿון דער שטאָט,יצחק ניבאָרסקי,19,19,,די ייִדישע יוגנט׃ װוּהין? (סימפּאָזיום בײַם 6טן יאָריקן צוזאַמענפֿאָר),19.19
ניגון,יצחק ניבאָרסקי,19,19,,,19.19
מע מאָנט מיליטאַנטישקײט,,19,20,,,19.2
דער דריטער װעלט־צוזאַמענפֿאָר פֿון קולטור־קאָנגרעס,יצחק ניבאָרסקי,19,24,,,19.24
אַ משל מיט אַ ניט־פֿאַרעניקטן טעװעלע,,19,26,,,19.26
צו אונדזערע לײענערס,,21,3,,,21.03
ביראָבידזשאַן,הערשל סאָנץ,21,4,,,21.04
"װעגן װידערהױלן, זױפֿאָרט און אַזױ װײַטער",יצחק שלײַפֿשטײן,21,8,,,21.08
מענדעלע מוכר־ספֿרים,דוד־הירש ראָסקעס,21,10,רעצענזיעס,נײַע ביכער,21.1
שלום־עליכם,,21,12,רעצענזיעס,נײַע ביכער,21.12
מעשׂיות ואיגרות,,21,13,רעצענזיעס,נײַע ביכער,21.13
אַהרן לעבעדעװ,קאַרמען װאַלענטינאָ,21,15,,פֿאַרן אָנהײבער,21.15
דער סטאַניק,שׂרה־רחלה שעכטער,21,15,לידער,פֿאַרן אָנהײבער,21.15
ייִדישע שפּראַך־לאָבאָראַטאָריע,יצחק גילמאַן,21,15,,פֿאַרן אָנהײבער,21.15
באַטראַכטונגען װעגן „מאָדערן ענגליש־ייִדיש ייִדיש־ענגליש װערטערבוך,דוד־לײזער גאָלד,21,16,רעצענזיעס,,21.16
אין דער באַװעגונג,,21,20,,,21.2
מע שרײַבט אונדז,,21,22,בריװ,,21.22
ליטעראַרישע טשיקאַװעסן,,21,23,,,21.23
פֿאַרגעסט אונדז ניט!,רבֿקה בראָדער־שאַפֿיר,22,3,,,22.03
שאַפֿנדיק אַ ייִדישן טעאַטער,דינהלע ראָסקעס,22,5,,דער אַמעריקאַנער ייִדישער טעאַטער,22.05
די ייִדישע דראַמאַטישע גרופּע אין מאָנטרעאָל,חנה גאָנשאָר,22,9,,דער אַמעריקאַנער ייִדישער טעאַטער,22.09
פֿופֿציק יאָר „פֿאָלקס־טעאַטער א״נ פּרץ הירשבײן,,22,10,,דער אַמעריקאַנער ייִדישער טעאַטער,22.1
דער אַמעריקאַנער ייִדישער טעאַטער — װאָס טוט מען?,אַ. מאָנטרעאָלער,22,11,,דער אַמעריקאַנער ייִדישער טעאַטער,22.11
פֿאַרן אָנהײבער,,22,13,,פֿאַרן אָנהײבער,22.13
געניטונג פֿאַר קױם פּראַקטיצירטע װערבן,יצחק ניבאָרסקי,22,14,לידער,,22.14
דינים און מנהגים פֿון פּסח,נחמיה בן־זאבֿ,22,14,,,22.14
װעגן אַרױסרײַסן זיך פֿון די אַלטע מחלוקות,,22,16,,,22.16
אַנקעטע צװישן די לײענערס,,22,18,,,22.18
נײַע ביכער,,22,18,,,22.18
אין דער באַװעגונג,,22,20,,,22.2
מע שרײַבט אונדז,,22,22,,,22.22
אונדזערע בײַשטײַערערס,,22,23,,,22.23
לאָמיר טראַכטן פֿאַרנעמיק,דוד־הירש ראָסקעס,23,3,,,23.03
דער אומיושר אין שװעדן,סאָניע פֿרידמאַן,23,5,,,23.05
דער ערשטער שבת,ראובֿן־משה שאַפּיראָ,23,6,,,23.06
מײַן אױטאָ,שׂרהקע ריגער,23,9,,,23.09
אַ חסרון — די כּלה איז צו שײן,ישׂראל־בער סילװערמאַן,23,9,,,23.09
ייִדישע פֿאַמיליעס װי אַ שליסל צו דער ייִדישער באַזעץ־געשיכטע,דוד־לײזער גאָלד,23,10,,,23.1
די פּאָליטרעדע פֿונעם קולטקאָמיסאָר כאַװער מױשע עמעסאָװיטש,משה־זכריה בעקער,23,11,,,23.11
לינגװיסטישע טשיקאַװעסן,,23,12,,,23.12
אַ דערצײלונג,װערע לאָקװוּד,23,13,דערצײלונגען,,23.13
אַ דעבאַטע אין דער כּנסתּ,דוד פֿישמאַן,23,14,,,23.14
נײַע ביכער,מנחם סטאַניסלאַװסקי,23,18,רעצענזיעס,,23.18
אין דער באַװעגונג,,23,20,,,23.2
מע שרײַבט אונדז,,23,22,,,23.22
יעקבֿ גלאַטשטײן ע״ה,יודזשין אָרענשטײן,24,2,,,24.02
"זונטיק, דעם 21סטן נאָװעמבער",דוד־הירש ראָסקעס,24,3,,,24.03
דער דאָסיע,יואל ראָזענבערג,24,4,,,24.04
ייִדן אין סאָװעטן־פֿאַרבאַנד — אַן ערשט־האַנטיקער רעפּאַרטאַזש,דוד־הירש ראָסקעס,24,5,,,24.05
פֿאַרן אָנהײבער,,24,8,,,24.08
דער אַמבאַסאַדאָר קומט אין שטעטל,ירחמיאל פּעלץ,24,9,,,24.09
צװײ לידער מיט פֿײגל און טױט,יצחק ניבאָרסקי,24,12,לידער,,24.12
אַן אינטערװיו מיט אַלבערט אײַנשטײנס ייִדיש־לערער,,24,13,,,24.13
מע שרײַבט אונדז,,24,19,,,24.19
הירש לעקערט (1880–1902),יודזשין אָרענשטײן,25,3,,,25.03
די בלױזן פֿון אונדזער ייִדישער דערציונג (אַ סימפּאָזיום),,25,4,,,25.04
ניו־יאָרקער בעטלערס,שבֿע צוקער,25,9,,,25.09
שלמה מיכאָעלסעס קינסטלערישע ירושה,דאָרע װאַסערמאַן,25,11,,,25.11
ייִדן אין סאָװעטן־פֿאַרבאַנד — אַ רעפּאַרטאַזש,דוד־הירש ראָסקעס,25,13,,,25.13
אונדזער יאָרמאַרק,,25,17,,,25.17
אַן אינטערװיו מיט דובֿ־בער קערלערן,דוד־אליהו פֿישמאַן,25,18,,,25.18
אין דער באַװעגונג,,25,21,,,25.21
מע שרײַבט אונדז,,25,22,,,25.22
אַ יונג קול פֿון ירושלים,דוד פֿישמאַן,26,3,,,26.03
ליד,נעמי פּראַװער,26,3,לידער,,26.03
אַ מעשׂה־שהיה,משה גאָלדװאַסער,26,5,,,26.05
שפּראַך און קולטור,יהושע ראָכמאַן,26,6,,,26.06
אַ װאָרט די מיטגלידער אין יוגנטרוף,קאַזואָ אועדאַ,26,6,,,26.06
װעגן אײַנפֿירן ייִדיש אין דער פֿלעטבושער ישיבֿה,דוד קאַץ,26,7,,,26.07
אַן אינטערװיו מיט נתן ראַפּאָפּאָרט,מנחם סטאַניסלאַװסקי,26,8,,,26.08
װילנע דירושלים,דוד פֿישמאַן,26,12,,,26.12
מיר דאַרפֿן אַ צענטן,קדיש גײבל,26,16,,,26.16
ישׂראל נײטיקט זיך אין קולטור־פּלוראַליזם,מנחם פֿישמאַן,26,17,,,26.17
עם־הארצות,עזרא גרינװאַלד,26,19,,,26.19
אין דער באַװעגונג,,26,20,,,26.2
צום 30סטן יאָרטאָג פֿון װאַרשעװער געטאָ־אױפֿשטאַנד,,28-29,3,,,28.03
25 יאָר מדינת ישׂראל,,28-29,4,,,28.04
לזכּרון די ייִדישע שרײַבערס און קינסטלערס אין ראַטן־פֿאַרבאַנד,,28-29,5,,,28.05
די ייִדישע גאַס נײטיקט זיך אין לשון־װיסיקײט,,28-29,6,,,28.06
די שרײַבער־גרופּע „יונג־ישׂראל”,,28-29,7,,,28.07
אַ מעשׂה מיט אַ מלך,,28-29,13,,,28.13
אַ ביסל תּורה,,28-29,14,,,28.14
שױן גענוג זיך געלערנט (סוף),,28-29,15,,,28.15
אַהבֿת־ישׂראל,רחמיאל פּעלץ,30,3,,,30.03
רעדט מיט מיר אוסיטאַניש!,שימקע לעװין,30,4,,װעגן ייִדישיסטן און װעלטלעכע ייִדן,30.04
װוּהין זײַנען אַװעק די װעלטלעכע ייִדן?,שבֿע צוקער,30,6,,װעגן ייִדישיסטן און װעלטלעכע ייִדן,30.06
די באָבע פֿאַרפֿלײצט מיט רעדלעך,רחמיאל פּעלץ,30,9,,װעגן ייִדישיסטן און װעלטלעכע ייִדן,30.09
װעגן „סקײַלעב“ און אַנדערע סאַטעליטן,איציק גאָטעסמאַן,30,12,,,30.12
אַ דרשה פֿאַר פּורים,מ. פֿײַערשטײן,30,13,,,30.13
דאָס עסן אין אַ דײַטשישן קיבוץ,מלך גילבערט,30,14,,דער יונגער קונדס,30.14
מײַן באַגעגעניש מיט אַ פֿאַרשמטן באָקסער,פּנינה קאַנעקי,30,15,,יונגװאַרג דערצײלט,30.15
אַ נײַער זשורנאַל,"דינה ראָסקעס, כיִעל שטערנשוס",30,16,,יונגװאַרג דערצײלט,30.16
צענטער יובֿל־צוזאַמענפֿאָר פֿון יוגנטרוף,,30,18,,אין דער באַװעגונג,30.18
אַ בעגעגעניש מיט בנימין רעסלערן,י. קופּערשטײן,30,19,,אין דער באַװעגונג,30.19
אַלאַרעם־רוף פֿון אַרגענטינע,,30,21,,מע שרײַבט אונדז,30.21
פּרינציפּן־דעקלאַראַציע פֿון יוגנטרוף,,31,3,,,31.03
יוגנטרוף — אַ קורצע געשיכטע (1964 – 1974),,31,5,,10 יאָר יוגנטרוף,31.05
קאָנקורס אױף אַ יוגנטרוף־הימען,,31,7,,10 יאָר יוגנטרוף,31.07
קומט צו אונדז,דוד באָטװיניק,31,8,לידער,,31.08
יוגנטרוף־הימען,יעקבֿ דאַװידזאָן,31,8,לידער,,31.08
עקשנותדיק התחײַבֿות (לכּבֿוד ד״ר מרדכי און טשאַרנע שעכטער),רחמיאל פּעלץ,31,12,רעדעס,10 יאָר יוגנטרוף,31.12
טבֿיהס אַ בריװ פֿון נײַ־פֿראַנקרײַך פֿון יאָר 1977,לײבל באָטװיניק,31,14,,דער יונגער קונדס,31.14
שבת צו נאַכט,ראובֿן־משה שאַפּיראָ,31,16,,פֿאַרן אָנהײבער,31.16
דור הולך׃ אַ פּערזענלעכע איבערלעבונג,גיטל שעכטער,31,17,,יונגװאַרג דערצײלט,31.17
דער מעשענער רינג,משה מאָסקאָװיץ,31,18,,,31.18
טעלעפֿאָניש,שׂרה־רחל שעכטער,31,19,דערצײלונגען,,31.19
אַ װאָרט צום עלטערן דור,חנהלע קליגער,31,21,רעדעס,,31.21
װילנע און ירושלים,דוד־הירש ראָסקעס,31,22,,,31.22
אין קאַמף פֿאַר ייִדיש,שימקע לעװין,31,24,,,31.24
"אין דער באַװעגונג (ירושלים, ניו־יאָרק, פֿילאַדעלפֿיע, שיקאַגאָ)",,31,27,,,31.27
װאָס האָט איר הײַנט געטאָן פֿאַר דער ייִדיש־קולטור?,,31,30,,,31.3
מע שרײַבט אונדז,,31,31,,,31.31
אוריאל װײַנרײַכס צװאַנציקסטער יאָרצײַט!,הערשל גלעזער,61,3,,,61.03
אױס טאָכטער,שׂרה־רחל שעכטער,61,3,,,61.03
שיר־השירים,לאה ראָבינסאָן,61,5,לידער,,61.05
לעצטגעלט,לאה ראָבינסאָן,61,5,לידער,,61.05
סאָלאָמאָנע ראָסי,ישי־אַבֿרהם קלײנמאַן,61,6,,,61.06
דער נס,פּסח־יונה מאַלעװיטש,61,8,,,61.08
דעם טאַטנס זון,איציק גאָטעסמאַן,61,9,,,61.09
אַ גאַסט אױף אַ װײַל,הערשל גלעזער,61,11,,,61.11
דײַן װאָרט,גיטל שעכטער,61,14,,,61.14
מתּנה,יצחק ניבאָרסקי,61,15,לידער,,61.15
תּשובֿה,יצחק ניבאָרסקי,61,15,לידער,,61.15
פֿאַרן אָנהײבער,,61,16,,,61.16
אױפֿן עקראַן,אָדם װײַטמאַן,61,17,,קאָמפּיוטערס,61.17
אין דער באַװעגונג,,61,18,,,61.18
קװאַדראַטטאַנץ־טערמינען אױף ייִדיש,,61,20,,,61.2
באַגריסונגען,,61,21,,,61.21
דער המשך קומט!,הערשל גלעזער,63,3,עדיטאָריאַלן,,63.03
דער אַנטיקװאַר,איציק גאָטעסמאַן,63,4,דערצײלונגען,,63.04
זינקליד,יצחק ניבאָרסקי,63,7,לידער,,63.07
שעה פֿון שמועס,יצחק ניבאָרסקי,63,7,לידער,,63.07
פֿאַר אַ דור װאָס פֿאַרשטײט (נאָך) ניט,לײבל באָטװיניק,63,8,,"מרדכי געבירטיג, „די ליאַלקע“",63.08
די ליאַלקע,מרדכי געבירטיג,63,9,לידער,,63.09
דאָס אײַנגעזונקענע לאַנד,לאה ראָבינסאָן,63,9,לידער,,63.09
צװײטע דערקלערונג פֿונעם אַדמיניסטראַטיװן קאָמיטעט פֿון די אַרגאַניזאַציעס אָנגעשלאָסן אין דעם אַלװעלטלעכן ייִדישן קולטור־קאָנגראָס,,63,10,,,63.1
אַ בעכער מיט װײַן,לײבל באָטװיניק,63,12,לידער,,63.12
לידער פֿון רחל קאָרן,,63,14,לידער,,63.14
אונדזערע בײַשטײַערערס,,63,15,,,63.15
אין דער באַװעגונג,,63,16,,,63.16
מע שרײַבט אונדז,,63,17,,,63.17
אױפֿן עקראַן,אָדם װײַטמאַן,63,18,,קאָמפּיוטערס,63.18
באַגריסונגען 1987,,63,21,,,63.21
ייִדיש צװײ — דאָס רעדנדיקע לערנבוך,ברוכה לאַנג,80,3,רעצענזיעס,,80.03
שװעבנדיקע קלאַנגען,שמואל נײַדאָרף,80,5,לידער,,80.05
באַלטאָ־קאַרפּאַטיש,שמואל נײַדאָרף,80,5,לידער,,80.05
דער חתונה־פֿירלײג,אסתּר מיר,80,6,דערצײלונגען,,80.06
אָדליגע,לאה ראָבינסאָן,80,9,לידער,,80.09
דאָס קניפּל,שׂרה־רחל שעכטער,80,10,דערצײלונגען,,80.1
אין דער באַװעגונג,,80,20,נײַעס,,80.2